Title,Price
A Light in the Attic,ÃÂ£51.77
Tipping the Velvet,ÃÂ£53.74
Soumission,ÃÂ£50.10
Sharp Objects,ÃÂ£47.82
Sapiens: A Brief History of Humankind,ÃÂ£54.23
The Requiem Red,ÃÂ£22.65
The Dirty Little Secrets of Getting Your Dream Job,ÃÂ£33.34
"The Coming Woman: A Novel Based on the Life of the Infamous Feminist, Victoria Woodhull",ÃÂ£17.93
The Boys in the Boat: Nine Americans and Their Epic Quest for Gold at the 1936 Berlin Olympics,ÃÂ£22.60
The Black Maria,ÃÂ£52.15
"Starving Hearts (Triangular Trade Trilogy, #1)",ÃÂ£13.99
Shakespeare's Sonnets,ÃÂ£20.66
Set Me Free,ÃÂ£17.46
Scott Pilgrim's Precious Little Life (Scott Pilgrim #1),ÃÂ£52.29
Rip it Up and Start Again,ÃÂ£35.02
"Our Band Could Be Your Life: Scenes from the American Indie Underground, 1981-1991",ÃÂ£57.25
Olio,ÃÂ£23.88
Mesaerion: The Best Science Fiction Stories 1800-1849,ÃÂ£37.59
Libertarianism for Beginners,ÃÂ£51.33
It's Only the Himalayas,ÃÂ£45.17
In Her Wake,ÃÂ£12.84
How Music Works,ÃÂ£37.32
"Foolproof Preserving: A Guide to Small Batch Jams, Jellies, Pickles, Condiments, and More: A Foolproof Guide to Making Small Batch Jams, Jellies, Pickles, Condiments, and More",ÃÂ£30.52
Chase Me (Paris Nights #2),ÃÂ£25.27
Black Dust,ÃÂ£34.53
Birdsong: A Story in Pictures,ÃÂ£54.64
America's Cradle of Quarterbacks: Western Pennsylvania's Football Factory from Johnny Unitas to Joe Montana,ÃÂ£22.50
Aladdin and His Wonderful Lamp,ÃÂ£53.13
Worlds Elsewhere: Journeys Around ShakespeareÃ¢ÂÂs Globe,ÃÂ£40.30
Wall and Piece,ÃÂ£44.18
The Four Agreements: A Practical Guide to Personal Freedom,ÃÂ£17.66
The Five Love Languages: How to Express Heartfelt Commitment to Your Mate,ÃÂ£31.05
The Elephant Tree,ÃÂ£23.82
The Bear and the Piano,ÃÂ£36.89
Sophie's World,ÃÂ£15.94
Penny Maybe,ÃÂ£33.29
Maude (1883-1993):She Grew Up with the country,ÃÂ£18.02
"In a Dark, Dark Wood",ÃÂ£19.63
Behind Closed Doors,ÃÂ£52.22
You can't bury them all: Poems,ÃÂ£33.63
Slow States of Collapse: Poems,ÃÂ£57.31
Reasons to Stay Alive,ÃÂ£26.41
Private Paris (Private #10),ÃÂ£47.61
#HigherSelfie: Wake Up Your Life. Free Your Soul. Find Your Tribe.,ÃÂ£23.11
Without Borders (Wanderlove #1),ÃÂ£45.07
When We Collided,ÃÂ£31.77
"We Love You, Charlie Freeman",ÃÂ£50.27
Untitled Collection: Sabbath Poems 2014,ÃÂ£14.27
"Unseen City: The Majesty of Pigeons, the Discreet Charm of Snails & Other Wonders of the Urban Wilderness",ÃÂ£44.18
Unicorn Tracks,ÃÂ£18.78
"Unbound: How Eight Technologies Made Us Human, Transformed Society, and Brought Our World to the Brink",ÃÂ£25.52
Tsubasa: WoRLD CHRoNiCLE 2 (Tsubasa WoRLD CHRoNiCLE #2),ÃÂ£16.28
Throwing Rocks at the Google Bus: How Growth Became the Enemy of Prosperity,ÃÂ£31.12
This One Summer,ÃÂ£19.49
Thirst,ÃÂ£17.27
The Torch Is Passed: A Harding Family Story,ÃÂ£19.09
The Secret of Dreadwillow Carse,ÃÂ£56.13
"The Pioneer Woman Cooks: Dinnertime: Comfort Classics, Freezer Food, 16-Minute Meals, and Other Delicious Ways to Solve Supper!",ÃÂ£56.41
The Past Never Ends,ÃÂ£56.50
The Natural History of Us (The Fine Art of Pretending #2),ÃÂ£45.22
The Nameless City (The Nameless City #1),ÃÂ£38.16
The Murder That Never Was (Forensic Instincts #5),ÃÂ£54.11
The Most Perfect Thing: Inside (and Outside) a Bird's Egg,ÃÂ£42.96
"The Mindfulness and Acceptance Workbook for Anxiety: A Guide to Breaking Free from Anxiety, Phobias, and Worry Using Acceptance and Commitment Therapy",ÃÂ£23.89
The Life-Changing Magic of Tidying Up: The Japanese Art of Decluttering and Organizing,ÃÂ£16.77
"The Inefficiency Assassin: Time Management Tactics for Working Smarter, Not Longer",ÃÂ£20.59
The Gutsy Girl: Escapades for Your Life of Epic Adventure,ÃÂ£37.13
The Electric Pencil: Drawings from Inside State Hospital No. 3,ÃÂ£56.06
The Death of Humanity: and the Case for Life,ÃÂ£58.11
"The Bulletproof Diet: Lose up to a Pound a Day, Reclaim Energy and Focus, Upgrade Your Life",ÃÂ£49.05
The Art Forger,ÃÂ£40.76
The Age of Genius: The Seventeenth Century and the Birth of the Modern Mind,ÃÂ£19.73
The Activist's Tao Te Ching: Ancient Advice for a Modern Revolution,ÃÂ£32.24
Spark Joy: An Illustrated Master Class on the Art of Organizing and Tidying Up,ÃÂ£41.83
Soul Reader,ÃÂ£39.58
Security,ÃÂ£39.25
"Saga, Volume 6 (Saga (Collected Editions) #6)",ÃÂ£25.02
"Saga, Volume 5 (Saga (Collected Editions) #5)",ÃÂ£51.04
Reskilling America: Learning to Labor in the Twenty-First Century,ÃÂ£19.83
"Rat Queens, Vol. 3: Demons (Rat Queens (Collected Editions) #11-15)",ÃÂ£50.40
"Princess Jellyfish 2-in-1 Omnibus, Vol. 01 (Princess Jellyfish 2-in-1 Omnibus #1)",ÃÂ£13.61
Princess Between Worlds (Wide-Awake Princess #5),ÃÂ£13.34
"Pop Gun War, Volume 1: Gift",ÃÂ£18.97
"Political Suicide: Missteps, Peccadilloes, Bad Calls, Backroom Hijinx, Sordid Pasts, Rotten Breaks, and Just Plain Dumb Mistakes in the Annals of American Politics",ÃÂ£36.28
Patience,ÃÂ£10.16
"Outcast, Vol. 1: A Darkness Surrounds Him (Outcast #1)",ÃÂ£15.44
orange: The Complete Collection 1 (orange: The Complete Collection #1),ÃÂ£48.41
Online Marketing for Busy Authors: A Step-By-Step Guide,ÃÂ£46.35
On a Midnight Clear,ÃÂ£14.07
Obsidian (Lux #1),ÃÂ£14.86
My Paris Kitchen: Recipes and Stories,ÃÂ£33.37
Masks and Shadows,ÃÂ£56.40
"Mama Tried: Traditional Italian Cooking for the Screwed, Crude, Vegan, and Tattooed",ÃÂ£14.02
"Lumberjanes, Vol. 2: Friendship to the Max (Lumberjanes #5-8)",ÃÂ£46.91
"Lumberjanes, Vol. 1: Beware the Kitten Holy (Lumberjanes #1-4)",ÃÂ£45.61
Lumberjanes Vol. 3: A Terrible Plan (Lumberjanes #9-12),ÃÂ£19.92
"Layered: Baking, Building, and Styling Spectacular Cakes",ÃÂ£40.11
Judo: Seven Steps to Black Belt (an Introductory Guide for Beginners),ÃÂ£53.90
Join,ÃÂ£35.67
In the Country We Love: My Family Divided,ÃÂ£22.00
Immunity: How Elie Metchnikoff Changed the Course of Modern Medicine,ÃÂ£57.36
"I Hate Fairyland, Vol. 1: Madly Ever After (I Hate Fairyland (Compilations) #1-5)",ÃÂ£29.17
I am a Hero Omnibus Volume 1,ÃÂ£54.63
How to Be Miserable: 40 Strategies You Already Use,ÃÂ£46.03
Her Backup Boyfriend (The Sorensen Family #1),ÃÂ£33.97
"Giant Days, Vol. 2 (Giant Days #5-8)",ÃÂ£22.11
Forever and Forever: The Courtship of Henry Longfellow and Fanny Appleton,ÃÂ£29.69
First and First (Five Boroughs #3),ÃÂ£15.97
Fifty Shades Darker (Fifty Shades #2),ÃÂ£21.96
Everydata: The Misinformation Hidden in the Little Data You Consume Every Day,ÃÂ£54.35
"Don't Be a Jerk: And Other Practical Advice from Dogen, Japan's Greatest Zen Master",ÃÂ£37.97
Danganronpa Volume 1,ÃÂ£51.99
Crown of Midnight (Throne of Glass #2),ÃÂ£43.29
"Codename Baboushka, Volume 1: The Conclave of Death",ÃÂ£36.72
Camp Midnight,ÃÂ£17.08
Call the Nurse: True Stories of a Country Nurse on a Scottish Isle,ÃÂ£29.14
Burning,ÃÂ£28.81
Bossypants,ÃÂ£49.46
"Bitch Planet, Vol. 1: Extraordinary Machine (Bitch Planet (Collected Editions))",ÃÂ£37.92
"Avatar: The Last Airbender: Smoke and Shadow, Part 3 (Smoke and Shadow #3)",ÃÂ£28.09
Algorithms to Live By: The Computer Science of Human Decisions,ÃÂ£30.81
A World of Flavor: Your Gluten Free Passport,ÃÂ£42.95
"A Piece of Sky, a Grain of Rice: A Memoir in Four Meditations",ÃÂ£56.76
A Murder in Time,ÃÂ£16.64
A Flight of Arrows (The Pathfinders #2),ÃÂ£55.53
A Fierce and Subtle Poison,ÃÂ£28.13
A Court of Thorns and Roses (A Court of Thorns and Roses #1),ÃÂ£52.37
(Un)Qualified: How God Uses Broken People to Do Big Things,ÃÂ£54.00
You Are What You Love: The Spiritual Power of Habit,ÃÂ£21.87
"William Shakespeare's Star Wars: Verily, A New Hope (William Shakespeare's Star Wars #4)",ÃÂ£43.30
Tuesday Nights in 1980,ÃÂ£21.04
Tracing Numbers on a Train,ÃÂ£41.60
Throne of Glass (Throne of Glass #1),ÃÂ£35.07
Thomas Jefferson and the Tripoli Pirates: The Forgotten War That Changed American History,ÃÂ£59.64
Thirteen Reasons Why,ÃÂ£52.72
The White Cat and the Monk: A Retelling of the Poem Ã¢ÂÂPangur BÃÂ¡nÃ¢ÂÂ,ÃÂ£58.08
The Wedding Dress,ÃÂ£24.12
The Vacationers,ÃÂ£42.15
The Third Wave: An EntrepreneurÃ¢ÂÂs Vision of the Future,ÃÂ£12.61
The Stranger,ÃÂ£17.44
The Shadow Hero (The Shadow Hero),ÃÂ£33.14
The Secret (The Secret #1),ÃÂ£27.37
The Regional Office Is Under Attack!,ÃÂ£51.36
The Psychopath Test: A Journey Through the Madness Industry,ÃÂ£36.00
The Project,ÃÂ£10.65
The Power of Now: A Guide to Spiritual Enlightenment,ÃÂ£43.54
The Omnivore's Dilemma: A Natural History of Four Meals,ÃÂ£38.21
The Nerdy Nummies Cookbook: Sweet Treats for the Geek in All of Us,ÃÂ£37.34
The Murder of Roger Ackroyd (Hercule Poirot #4),ÃÂ£44.10
The Mistake (Off-Campus #2),ÃÂ£43.29
The Matchmaker's Playbook (Wingmen Inc. #1),ÃÂ£55.85
The Love and Lemons Cookbook: An Apple-to-Zucchini Celebration of Impromptu Cooking,ÃÂ£37.60
The Long Shadow of Small Ghosts: Murder and Memory in an American City,ÃÂ£10.97
The Kite Runner,ÃÂ£41.82
The House by the Lake,ÃÂ£36.95
The Glittering Court (The Glittering Court #1),ÃÂ£44.28
The Girl on the Train,ÃÂ£55.02
The Genius of Birds,ÃÂ£17.24
The Emerald Mystery,ÃÂ£23.15
The Cookies & Cups Cookbook: 125+ sweet & savory recipes reminding you to Always Eat Dessert First,ÃÂ£41.25
The Bridge to Consciousness: I'm Writing the Bridge Between Science and Our Old and New Beliefs.,ÃÂ£32.00
The Artist's Way: A Spiritual Path to Higher Creativity,ÃÂ£38.49
The Art of War,ÃÂ£33.34
The Argonauts,ÃÂ£10.93
The 10% Entrepreneur: Live Your Startup Dream Without Quitting Your Day Job,ÃÂ£27.55
Suddenly in Love (Lake Haven #1),ÃÂ£55.99
Something More Than This,ÃÂ£16.24
Soft Apocalypse,ÃÂ£26.12
So You've Been Publicly Shamed,ÃÂ£12.23
Shoe Dog: A Memoir by the Creator of NIKE,ÃÂ£23.99
"Shobu Samurai, Project Aryoku (#3)",ÃÂ£29.06
Secrets and Lace (Fatal Hearts #1),ÃÂ£20.27
Scarlett Epstein Hates It Here,ÃÂ£43.55
Romero and Juliet: A Tragic Tale of Love and Zombies,ÃÂ£36.94
Redeeming Love,ÃÂ£20.47
Poses for Artists Volume 1 - Dynamic and Sitting Poses: An Essential Reference for Figure Drawing and the Human Form,ÃÂ£41.06
Poems That Make Grown Women Cry,ÃÂ£14.19
"Nightingale, Sing",ÃÂ£38.28
Night Sky with Exit Wounds,ÃÂ£41.05
Mrs. Houdini,ÃÂ£30.25
Modern Romance,ÃÂ£28.26
Miss PeregrineÃ¢ÂÂs Home for Peculiar Children (Miss PeregrineÃ¢ÂÂs Peculiar Children #1),ÃÂ£10.76
Louisa: The Extraordinary Life of Mrs. Adams,ÃÂ£16.85
Little Red,ÃÂ£13.47
Library of Souls (Miss PeregrineÃ¢ÂÂs Peculiar Children #3),ÃÂ£48.56
Large Print Heart of the Pride,ÃÂ£19.15
I Had a Nice Time And Other Lies...: How to find love & sh*t like that,ÃÂ£57.36
Hollow City (Miss PeregrineÃ¢ÂÂs Peculiar Children #2),ÃÂ£42.98
Grumbles,ÃÂ£22.16
Full Moon over NoahÃ¢ÂÂs Ark: An Odyssey to Mount Ararat and Beyond,ÃÂ£49.43
Frostbite (Vampire Academy #2),ÃÂ£29.99
Follow You Home,ÃÂ£21.36
First Steps for New Christians (Print Edition),ÃÂ£29.00
Finders Keepers (Bill Hodges Trilogy #2),ÃÂ£53.53
"Fables, Vol. 1: Legends in Exile (Fables #1)",ÃÂ£41.62
Eureka Trivia 6.0,ÃÂ£54.59
Drive: The Surprising Truth About What Motivates Us,ÃÂ£34.95
Done Rubbed Out (Reightman & Bailey #1),ÃÂ£37.72
Doing It Over (Most Likely To #1),ÃÂ£35.61
"Deliciously Ella Every Day: Quick and Easy Recipes for Gluten-Free Snacks, Packed Lunches, and Simple Meals",ÃÂ£42.16
Dark Notes,ÃÂ£19.19
"Daring Greatly: How the Courage to Be Vulnerable Transforms the Way We Live, Love, Parent, and Lead",ÃÂ£19.43
Close to You,ÃÂ£49.46
Chasing Heaven: What Dying Taught Me About Living,ÃÂ£37.80
Big Magic: Creative Living Beyond Fear,ÃÂ£30.80
Becoming Wise: An Inquiry into the Mystery and Art of Living,ÃÂ£27.43
Beauty Restored (Riley Family Legacy Novellas #3),ÃÂ£11.11
Batman: The Long Halloween (Batman),ÃÂ£36.50
Batman: The Dark Knight Returns (Batman),ÃÂ£15.38
Ayumi's Violin,ÃÂ£15.48
Anonymous,ÃÂ£46.82
Amy Meets the Saints and Sages,ÃÂ£18.46
Amid the Chaos,ÃÂ£36.58
Amatus,ÃÂ£50.54
Agnostic: A Spirited Manifesto,ÃÂ£12.51
Zealot: The Life and Times of Jesus of Nazareth,ÃÂ£24.70
You (You #1),ÃÂ£43.61
"Wonder Woman: Earth One, Volume One (Wonder Woman: Earth One #1)",ÃÂ£37.34
Wild Swans,ÃÂ£14.36
Why the Right Went Wrong: Conservatism--From Goldwater to the Tea Party and Beyond,ÃÂ£52.65
Whole Lotta Creativity Going On: 60 Fun and Unusual Exercises to Awaken and Strengthen Your Creativity,ÃÂ£38.20
What's It Like in Space?: Stories from Astronauts Who've Been There,ÃÂ£19.60
"We Are Robin, Vol. 1: The Vigilante Business (We Are Robin #1)",ÃÂ£53.90
Walt Disney's Alice in Wonderland,ÃÂ£12.96
V for Vendetta (V for Vendetta Complete),ÃÂ£37.10
Until Friday Night (The Field Party #1),ÃÂ£46.31
"Unbroken: A World War II Story of Survival, Resilience, and Redemption",ÃÂ£45.95
Twenty Yawns,ÃÂ£22.08
Through the Woods,ÃÂ£25.38
This Is Where It Ends,ÃÂ£27.12
The Year of Magical Thinking,ÃÂ£43.04
The Wright Brothers,ÃÂ£56.80
The White Queen (The Cousins' War #1),ÃÂ£25.91
The Wedding Pact (The O'Malleys #2),ÃÂ£32.61
The Time Keeper,ÃÂ£27.88
The Testament of Mary,ÃÂ£52.67
The Star-Touched Queen,ÃÂ£46.02
The Songs of the Gods,ÃÂ£44.48
The Song of Achilles,ÃÂ£37.40
The Rosie Project (Don Tillman #1),ÃÂ£54.04
The Power of Habit: Why We Do What We Do in Life and Business,ÃÂ£16.88
The Marriage of Opposites,ÃÂ£28.08
The Lucifer Effect: Understanding How Good People Turn Evil,ÃÂ£10.40
The Long Haul (Diary of a Wimpy Kid #9),ÃÂ£44.07
The Loney,ÃÂ£23.40
The Literature Book (Big Ideas Simply Explained),ÃÂ£17.43
The Last Mile (Amos Decker #2),ÃÂ£54.21
The Immortal Life of Henrietta Lacks,ÃÂ£40.67
The Hidden Oracle (The Trials of Apollo #1),ÃÂ£52.26
The Help Yourself Cookbook for Kids: 60 Easy Plant-Based Recipes Kids Can Make to Stay Healthy and Save the Earth,ÃÂ£28.77
The Guilty (Will Robie #4),ÃÂ£13.82
The First Hostage (J.B. Collins #2),ÃÂ£25.85
The Dovekeepers,ÃÂ£48.78
The Darkest Lie,ÃÂ£35.35
The Bane Chronicles (The Bane Chronicles #1-11),ÃÂ£44.73
The Bad-Ass Librarians of Timbuktu: And Their Race to Save the WorldÃ¢ÂÂs Most Precious Manuscripts,ÃÂ£15.77
The 14th Colony (Cotton Malone #11),ÃÂ£39.24
That Darkness (Gardiner and Renner #1),ÃÂ£13.92
Tastes Like Fear (DI Marnie Rome #3),ÃÂ£10.69
Take Me with You,ÃÂ£45.21
Swell: A Year of Waves,ÃÂ£45.58
Superman Vol. 1: Before Truth (Superman by Gene Luen Yang #1),ÃÂ£11.89
Still Life with Bread Crumbs,ÃÂ£26.41
Steve Jobs,ÃÂ£39.50
Sorting the Beef from the Bull: The Science of Food Fraud Forensics,ÃÂ£44.74
Someone Like You (The Harrisons #2),ÃÂ£52.79
"So Cute It Hurts!!, Vol. 6 (So Cute It Hurts!! #6)",ÃÂ£35.43
Shtum,ÃÂ£55.84
See America: A Celebration of Our National Parks & Treasured Sites,ÃÂ£48.87
salt.,ÃÂ£46.78
Robin War,ÃÂ£47.82
"Red Hood/Arsenal, Vol. 1: Open for Business (Red Hood/Arsenal #1)",ÃÂ£25.48
Rain Fish,ÃÂ£23.57
"Quarter Life Poetry: Poems for the Young, Broke and Hangry",ÃÂ£50.89
Pet Sematary,ÃÂ£10.56
"Overload: How to Unplug, Unwind, and Unleash Yourself from the Pressure of Stress",ÃÂ£52.15
Once Was a Time,ÃÂ£18.28
Old School (Diary of a Wimpy Kid #10),ÃÂ£11.83
No Dream Is Too High: Life Lessons From a Man Who Walked on the Moon,ÃÂ£21.95
"Naruto (3-in-1 Edition), Vol. 14: Includes Vols. 40, 41 & 42 (Naruto: Omnibus #14)",ÃÂ£38.39
My Name Is Lucy Barton,ÃÂ£41.56
My Mrs. Brown,ÃÂ£24.48
My Kind of Crazy,ÃÂ£40.36
Mr. Mercedes (Bill Hodges Trilogy #1),ÃÂ£28.90
More Than Music (Chasing the Dream #1),ÃÂ£37.61
Made to Stick: Why Some Ideas Survive and Others Die,ÃÂ£38.85
Luis Paints the World,ÃÂ£53.95
Luckiest Girl Alive,ÃÂ£49.83
Lowriders to the Center of the Earth (Lowriders in Space #2),ÃÂ£51.51
Love Is a Mix Tape (Music #1),ÃÂ£18.03
Looking for Lovely: Collecting the Moments that Matter,ÃÂ£29.14
"Living Leadership by Insight: A Good Leader Achieves, a Great Leader Builds Monuments",ÃÂ£46.91
Let It Out: A Journey Through Journaling,ÃÂ£26.79
Lady Midnight (The Dark Artifices #1),ÃÂ£16.28
"It's All Easy: Healthy, Delicious Weeknight Meals in under 30 Minutes",ÃÂ£19.55
Island of Dragons (Unwanteds #7),ÃÂ£29.65
I Know What I'm Doing -- and Other Lies I Tell Myself: Dispatches from a Life Under Construction,ÃÂ£25.98
I Am Pilgrim (Pilgrim #1),ÃÂ£10.60
"Hyperbole and a Half: Unfortunate Situations, Flawed Coping Mechanisms, Mayhem, and Other Things That Happened",ÃÂ£14.75
"Hush, Hush (Hush, Hush #1)",ÃÂ£47.02
Hold Your Breath (Search and Rescue #1),ÃÂ£28.82
Hamilton: The Revolution,ÃÂ£58.79
Greek Mythic History,ÃÂ£10.23
God: The Most Unpleasant Character in All Fiction,ÃÂ£30.03
Glory over Everything: Beyond The Kitchen House,ÃÂ£45.84
Feathers: Displays of Brilliant Plumage,ÃÂ£49.05
"Far & Away: Places on the Brink of Change: Seven Continents, Twenty-Five Years",ÃÂ£15.06
Every Last Word,ÃÂ£46.47
Eligible (The Austen Project #4),ÃÂ£27.09
El Deafo,ÃÂ£57.62
Eight Hundred Grapes,ÃÂ£14.39
"Eaternity: More than 150 Deliciously Easy Vegan Recipes for a Long, Healthy, Satisfied, Joyful Life",ÃÂ£51.75
"Eat Fat, Get Thin",ÃÂ£54.07
Don't Get Caught,ÃÂ£55.35
Doctor Sleep (The Shining #2),ÃÂ£40.12
Demigods & Magicians: Percy and Annabeth Meet the Kanes (Percy Jackson & Kane Chronicles Crossover #1-3),ÃÂ£37.51
Dear Mr. Knightley,ÃÂ£11.21
Daily Fantasy Sports,ÃÂ£36.58
Crazy Love: Overwhelmed by a Relentless God,ÃÂ£47.72
Cometh the Hour (The Clifton Chronicles #6),ÃÂ£25.01
Code Name Verity (Code Name Verity #1),ÃÂ£22.13
Clockwork Angel (The Infernal Devices #1),ÃÂ£44.14
City of Glass (The Mortal Instruments #3),ÃÂ£56.02
City of Fallen Angels (The Mortal Instruments #4),ÃÂ£11.23
City of Bones (The Mortal Instruments #1),ÃÂ£43.28
City of Ashes (The Mortal Instruments #2),ÃÂ£47.27
Cell,ÃÂ£20.29
Catching Jordan (Hundred Oaks),ÃÂ£50.83
"Carry On, Warrior: Thoughts on Life Unarmed",ÃÂ£31.85
Carrie,ÃÂ£46.23
Buying In: The Secret Dialogue Between What We Buy and Who We Are,ÃÂ£37.80
Brain on Fire: My Month of Madness,ÃÂ£49.32
Batman: Europa,ÃÂ£32.01
Barefoot Contessa Back to Basics,ÃÂ£28.01
Barefoot Contessa at Home: Everyday Recipes You'll Make Over and Over Again,ÃÂ£50.62
Balloon Animals,ÃÂ£17.03
Art Ops Vol. 1,ÃÂ£48.80
Aristotle and Dante Discover the Secrets of the Universe (Aristotle and Dante Discover the Secrets of the Universe #1),ÃÂ£58.14
Angels Walking (Angels Walking #1),ÃÂ£34.20
Angels & Demons (Robert Langdon #1),ÃÂ£51.48
All the Light We Cannot See,ÃÂ£29.87
"Adulthood Is a Myth: A ""Sarah's Scribbles"" Collection",ÃÂ£10.90
Abstract City,ÃÂ£56.37
A Time of Torment (Charlie Parker #14),ÃÂ£48.35
A Study in Scarlet (Sherlock Holmes #1),ÃÂ£16.73
"A Series of Catastrophes and Miracles: A True Story of Love, Science, and Cancer",ÃÂ£56.48
A People's History of the United States,ÃÂ£40.79
A Man Called Ove,ÃÂ£39.72
A Distant Mirror: The Calamitous 14th Century,ÃÂ£14.58
A Brush of Wings (Angels Walking #3),ÃÂ£55.51
1491: New Revelations of the Americas Before Columbus,ÃÂ£21.80
"The Three Searches, Meaning, and the Story",ÃÂ£13.33
Searching for Meaning in Gailana,ÃÂ£38.73
Rook,ÃÂ£37.86
My Kitchen Year: 136 Recipes That Saved My Life,ÃÂ£11.53
13 Hours: The Inside Account of What Really Happened In Benghazi,ÃÂ£27.06
Will You Won't You Want Me?,ÃÂ£13.86
Tipping Point for Planet Earth: How Close Are We to the Edge?,ÃÂ£37.55
The Star-Touched Queen,ÃÂ£32.30
The Silent Sister (Riley MacPherson #1),ÃÂ£46.29
The Midnight Watch: A Novel of the Titanic and the Californian,ÃÂ£26.20
The Lonely City: Adventures in the Art of Being Alone,ÃÂ£33.26
The Gray Rhino: How to Recognize and Act on the Obvious Dangers We Ignore,ÃÂ£59.15
The Golden Condom: And Other Essays on Love Lost and Found,ÃÂ£39.43
The Epidemic (The Program 0.6),ÃÂ£14.44
The Dinner Party,ÃÂ£56.54
The Diary of a Young Girl,ÃÂ£59.90
The Children,ÃÂ£11.88
Stars Above (The Lunar Chronicles #4.5),ÃÂ£48.05
Snatched: How A Drug Queen Went Undercover for the DEA and Was Kidnapped By Colombian Guerillas,ÃÂ£21.21
Raspberry Pi Electronics Projects for the Evil Genius,ÃÂ£49.67
Quench Your Own Thirst: Business Lessons Learned Over a Beer or Two,ÃÂ£43.14
Psycho: Sanitarium (Psycho #1.5),ÃÂ£36.97
Poisonous (Max Revere Novels #3),ÃÂ£26.80
One with You (Crossfire #5),ÃÂ£15.71
No Love Allowed (Dodge Cove #1),ÃÂ£54.65
Murder at the 42nd Street Library (Raymond Ambler #1),ÃÂ£54.36
Most Wanted,ÃÂ£35.28
"Love, Lies and Spies",ÃÂ£20.55
How to Speak Golf: An Illustrated Guide to Links Lingo,ÃÂ£58.32
Hide Away (Eve Duncan #20),ÃÂ£11.84
Furiously Happy: A Funny Book About Horrible Things,ÃÂ£41.46
Everyday Italian: 125 Simple and Delicious Recipes,ÃÂ£20.10
Equal Is Unfair: America's Misguided Fight Against Income Inequality,ÃÂ£56.86
Eleanor & Park,ÃÂ£56.51
Dirty (Dive Bar #1),ÃÂ£40.83
Can You Keep a Secret? (Fear Street Relaunch #4),ÃÂ£48.64
Boar Island (Anna Pigeon #19),ÃÂ£59.48
A Paris Apartment,ÃÂ£39.01
"A la Mode: 120 Recipes in 60 Pairings: Pies, Tarts, Cakes, Crisps, and More Topped with Ice Cream, Gelato, Frozen Custard, and More",ÃÂ£38.77
Troublemaker: Surviving Hollywood and Scientology,ÃÂ£48.39
The Widow,ÃÂ£27.26
"The Sleep Revolution: Transforming Your Life, One Night at a Time",ÃÂ£11.68
The Improbability of Love,ÃÂ£59.45
The Art of Startup Fundraising,ÃÂ£21.00
Take Me Home Tonight (Rock Star Romance #3),ÃÂ£53.98
Sleeping Giants (Themis Files #1),ÃÂ£48.74
"Setting the World on Fire: The Brief, Astonishing Life of St. Catherine of Siena",ÃÂ£21.15
Playing with Fire,ÃÂ£13.71
Off the Hook (Fishing for Trouble #1),ÃÂ£47.67
Mothering Sunday,ÃÂ£13.34
"Mother, Can You Not?",ÃÂ£16.89
M Train,ÃÂ£27.18
Lilac Girls,ÃÂ£17.28
Lies and Other Acts of Love,ÃÂ£45.14
Lab Girl,ÃÂ£40.85
Keep Me Posted,ÃÂ£20.46
It Didn't Start with You: How Inherited Family Trauma Shapes Who We Are and How to End the Cycle,ÃÂ£56.27
Grey (Fifty Shades #4),ÃÂ£48.49
"Exit, Pursued by a Bear",ÃÂ£51.34
Daredevils,ÃÂ£16.34
Cravings: Recipes for What You Want to Eat,ÃÂ£20.50
Born for This: How to Find the Work You Were Meant to Do,ÃÂ£21.59
Arena,ÃÂ£21.36
Adultery,ÃÂ£20.88
A Mother's Reckoning: Living in the Aftermath of Tragedy,ÃÂ£19.53
A Gentleman's Position (Society of Gentlemen #3),ÃÂ£14.75
11/22/1963,ÃÂ£48.48
"10% Happier: How I Tamed the Voice in My Head, Reduced Stress Without Losing My Edge, and Found Self-Help That Actually Works",ÃÂ£24.57
10-Day Green Smoothie Cleanse: Lose Up to 15 Pounds in 10 Days!,ÃÂ£49.71
Without Shame,ÃÂ£48.27
Watchmen,ÃÂ£58.05
Unlimited Intuition Now,ÃÂ£58.87
Underlying Notes,ÃÂ£11.82
The Shack,ÃÂ£28.03
The New Brand You: Your New Image Makes the Sale for You,ÃÂ£44.05
"The Moosewood Cookbook: Recipes from Moosewood Restaurant, Ithaca, New York",ÃÂ£12.34
The Flowers Lied,ÃÂ£16.68
"The Fabric of the Cosmos: Space, Time, and the Texture of Reality",ÃÂ£55.91
The Book of Mormon,ÃÂ£24.57
The Art and Science of Low Carbohydrate Living,ÃÂ£52.98
The Alien Club,ÃÂ£54.40
Suzie Snowflake: One beautiful flake (a self-esteem story),ÃÂ£54.81
Nap-a-Roo,ÃÂ£25.08
"NaNo What Now? Finding your editing process, revising your NaNoWriMo book and building a writing career through publishing and beyond",ÃÂ£10.41
Modern Day Fables,ÃÂ£47.44
If I Gave You God's Phone Number....: Searching for Spirituality in America,ÃÂ£20.91
"Fruits Basket, Vol. 9 (Fruits Basket #9)",ÃÂ£33.95
Dress Your Family in Corduroy and Denim,ÃÂ£43.68
Don't Forget Steven,ÃÂ£33.23
Chernobyl 01:23:40: The Incredible True Story of the World's Worst Nuclear Disaster,ÃÂ£35.92
Art and Fear: Observations on the Perils (and Rewards) of Artmaking,ÃÂ£48.63
A Shard of Ice (The Black Symphony Saga #1),ÃÂ£56.63
A Hero's Curse (The Unseen Chronicles #1),ÃÂ£50.49
23 Degrees South: A Tropical Tale of Changing Whether...,ÃÂ£35.79
"Zero to One: Notes on Startups, or How to Build the Future",ÃÂ£34.06
Why Not Me?,ÃÂ£17.76
When Breath Becomes Air,ÃÂ£39.36
Vagabonding: An Uncommon Guide to the Art of Long-Term World Travel,ÃÂ£36.94
The Unlikely Pilgrimage of Harold Fry (Harold Fry #1),ÃÂ£43.62
The New Drawing on the Right Side of the Brain,ÃÂ£43.02
"The Midnight Assassin: Panic, Scandal, and the Hunt for America's First Serial Killer",ÃÂ£28.45
The Martian (The Martian #1),ÃÂ£41.39
The High Mountains of Portugal,ÃÂ£51.15
The Grownup,ÃÂ£35.88
The E-Myth Revisited: Why Most Small Businesses Don't Work and What to Do About It,ÃÂ£36.91
South of Sunshine,ÃÂ£28.93
Smarter Faster Better: The Secrets of Being Productive in Life and Business,ÃÂ£38.89
Silence in the Dark (Logan Point #4),ÃÂ£58.33
Shadows of the Past (Logan Point #1),ÃÂ£39.67
Roller Girl,ÃÂ£14.10
Rising Strong,ÃÂ£21.82
Proofs of God: Classical Arguments from Tertullian to Barth,ÃÂ£54.21
Please Kill Me: The Uncensored Oral History of Punk,ÃÂ£31.19
Out of Print: City Lights Spotlight No. 14,ÃÂ£53.64
My Life Next Door (My Life Next Door ),ÃÂ£36.39
Miller's Valley,ÃÂ£58.54
Man's Search for Meaning,ÃÂ£29.48
"Love That Boy: What Two Presidents, Eight Road Trips, and My Son Taught Me About a Parent's Expectations",ÃÂ£25.06
Living Forward: A Proven Plan to Stop Drifting and Get the Life You Want,ÃÂ£12.55
Les Fleurs du Mal,ÃÂ£29.04
Left Behind (Left Behind #1),ÃÂ£40.72
Kill 'Em and Leave: Searching for James Brown and the American Soul,ÃÂ£45.05
Kierkegaard: A Christian Missionary to Christians,ÃÂ£47.13
John Vassos: Industrial Design for Modern Life,ÃÂ£20.22
I'll Give You the Sun,ÃÂ£56.48
I Will Find You,ÃÂ£44.21
Hystopia: A Novel,ÃÂ£21.96
Howl and Other Poems,ÃÂ£40.45
History of Beauty,ÃÂ£10.29
Heaven is for Real: A Little Boy's Astounding Story of His Trip to Heaven and Back,ÃÂ£52.86
Future Shock (Future Shock #1),ÃÂ£55.65
Ender's Game (The Ender Quintet #1),ÃÂ£43.64
Diary of a Citizen Scientist: Chasing Tiger Beetles and Other New Ways of Engaging the World,ÃÂ£28.41
Death by Leisure: A Cautionary Tale,ÃÂ£37.51
Brilliant Beacons: A History of the American Lighthouse,ÃÂ£11.45
Brazen: The Courage to Find the You That's Been Hiding,ÃÂ£19.22
Between the World and Me,ÃÂ£56.91
Being Mortal: Medicine and What Matters in the End,ÃÂ£55.06
"A Murder Over a Girl: Justice, Gender, Junior High",ÃÂ£13.20
32 Yolks,ÃÂ£53.63
"""Most Blessed of the Patriarchs"": Thomas Jefferson and the Empire of the Imagination",ÃÂ£44.48
You Are a Badass: How to Stop Doubting Your Greatness and Start Living an Awesome Life,ÃÂ£12.08
Wildlife of New York: A Five-Borough Coloring Book,ÃÂ£22.14
What Happened on Beale Street (Secrets of the South Mysteries #2),ÃÂ£25.37
Unreasonable Hope: Finding Faith in the God Who Brings Purpose to Your Pain,ÃÂ£46.33
Under the Tuscan Sun,ÃÂ£37.33
Toddlers Are A**holes: It's Not Your Fault,ÃÂ£25.55
The Year of Living Biblically: One Man's Humble Quest to Follow the Bible as Literally as Possible,ÃÂ£34.72
The Whale,ÃÂ£35.96
The Story of Art,ÃÂ£41.14
The Origin of Species,ÃÂ£10.01
The Great Gatsby,ÃÂ£36.05
The Good Girl,ÃÂ£49.03
The Glass Castle,ÃÂ£16.24
The Faith of Christopher Hitchens: The Restless Soul of the World's Most Notorious Atheist,ÃÂ£39.55
The Drowning Girls,ÃÂ£35.67
The Constant Princess (The Tudor Court #1),ÃÂ£16.62
The Bourne Identity (Jason Bourne #1),ÃÂ£42.78
The Bachelor Girl's Guide to Murder (Herringford and Watts Mysteries #1),ÃÂ£52.30
The Art Book,ÃÂ£32.34
The 7 Habits of Highly Effective People: Powerful Lessons in Personal Change,ÃÂ£33.17
Team of Rivals: The Political Genius of Abraham Lincoln,ÃÂ£20.12
Steal Like an Artist: 10 Things Nobody Told You About Being Creative,ÃÂ£20.90
"Sit, Stay, Love",ÃÂ£20.90
Sister Dear,ÃÂ£40.20
"Shrunken Treasures: Literary Classics, Short, Sweet, and Silly",ÃÂ£52.87
"Rich Dad, Poor Dad",ÃÂ£51.74
Raymie Nightingale,ÃÂ£34.41
Playing from the Heart,ÃÂ£32.38
Nightstruck: A Novel,ÃÂ£50.35
"Naturally Lean: 125 Nourishing Gluten-Free, Plant-Based Recipes--All Under 300 Calories",ÃÂ£11.38
Meternity,ÃÂ£43.58
Memoirs of a Geisha,ÃÂ£49.67
Like Never Before (Walker Family #2),ÃÂ£28.77
Life of Pi,ÃÂ£13.22
Leave This Song Behind: Teen Poetry at Its Best,ÃÂ£51.17
King's Folly (The Kinsman Chronicles #1),ÃÂ£39.61
John Adams,ÃÂ£57.43
How to Cook Everything Vegetarian: Simple Meatless Recipes for Great Food (How to Cook Everything),ÃÂ£46.01
How to Be a Domestic Goddess: Baking and the Art of Comfort Cooking,ÃÂ£28.25
Good in Bed (Cannie Shapiro #1),ÃÂ£37.05
"Fruits Basket, Vol. 7 (Fruits Basket #7)",ÃÂ£19.57
For the Love: Fighting for Grace in a World of Impossible Standards,ÃÂ£45.13
Finding God in the Ruins: How God Redeems Pain,ÃÂ£46.64
Every Heart a Doorway (Every Heart A Doorway #1),ÃÂ£12.16
Delivering the Truth (Quaker Midwife Mystery #1),ÃÂ£20.89
Counted With the Stars (Out from Egypt #1),ÃÂ£17.97
"Chronicles, Vol. 1",ÃÂ£52.60
Blue Like Jazz: Nonreligious Thoughts on Christian Spirituality,ÃÂ£25.77
Benjamin Franklin: An American Life,ÃÂ£48.19
"At The Existentialist CafÃÂ©: Freedom, Being, and apricot cocktails with: Jean-Paul Sartre, Simone de Beauvoir, Albert Camus, Martin Heidegger, Edmund Husserl, Karl Jaspers, Maurice Merleau-Ponty and others",ÃÂ£29.93
A Summer In Europe,ÃÂ£44.34
A Short History of Nearly Everything,ÃÂ£52.40
A Gathering of Shadows (Shades of Magic #2),ÃÂ£44.81
The Sound Of Love,ÃÂ£57.84
The Rise and Fall of the Third Reich: A History of Nazi Germany,ÃÂ£39.67
The Perks of Being a Wallflower,ÃÂ£55.02
The Mysterious Affair at Styles (Hercule Poirot #1),ÃÂ£24.80
The Man Who Mistook His Wife for a Hat and Other Clinical Tales,ÃÂ£59.45
The Makings of a Fatherless Child,ÃÂ£31.58
The Joy of Cooking,ÃÂ£43.27
The Invention of Wings,ÃÂ£37.34
The Hobbit (Middle-Earth Universe),ÃÂ£17.80
The Great Railway Bazaar,ÃÂ£30.54
The Golden Compass (His Dark Materials #1),ÃÂ£18.77
The God Delusion,ÃÂ£46.85
The Girl You Left Behind (The Girl You Left Behind #1),ÃÂ£15.79
The Fellowship of the Ring (The Lord of the Rings #1),ÃÂ£10.27
The Collected Poems of W.B. Yeats (The Collected Works of W.B. Yeats #1),ÃÂ£15.42
The Barefoot Contessa Cookbook,ÃÂ£59.92
Tell the Wolves I'm Home,ÃÂ£50.96
Ship Leaves Harbor: Essays on Travel by a Recovering Journeyman,ÃÂ£30.60
Pride and Prejudice,ÃÂ£19.27
Musicophilia: Tales of Music and the Brain,ÃÂ£46.58
Mere Christianity,ÃÂ£48.51
Me Before You (Me Before You #1),ÃÂ£19.02
In the Woods (Dublin Murder Squad #1),ÃÂ£38.38
In Cold Blood,ÃÂ£49.98
How to Stop Worrying and Start Living,ÃÂ£46.49
Give It Back,ÃÂ£18.32
"Girl, Interrupted",ÃÂ£42.14
Fun Home: A Family Tragicomic,ÃÂ£56.59
"Fruits Basket, Vol. 6 (Fruits Basket #6)",ÃÂ£20.96
Deception Point,ÃÂ£40.32
"Death Note, Vol. 6: Give-and-Take (Death Note #6)",ÃÂ£36.39
Catherine the Great: Portrait of a Woman,ÃÂ£58.55
Better Homes and Gardens New Cook Book,ÃÂ£39.61
An Unquiet Mind: A Memoir of Moods and Madness,ÃÂ£21.30
A Year in Provence (Provence #1),ÃÂ£56.88
World Without End (The Pillars of the Earth #2),ÃÂ£32.97
"Will Grayson, Will Grayson (Will Grayson, Will Grayson)",ÃÂ£47.31
Why Save the Bankers?: And Other Essays on Our Economic and Political Crisis,ÃÂ£48.67
Where She Went (If I Stay #2),ÃÂ£41.73
What If?: Serious Scientific Answers to Absurd Hypothetical Questions,ÃÂ£53.68
Two Summers,ÃÂ£14.64
This Is Your Brain on Music: The Science of a Human Obsession,ÃÂ£38.40
The Secret Garden,ÃÂ£15.08
The Raven King (The Raven Cycle #4),ÃÂ£30.57
The Raven Boys (The Raven Cycle #1),ÃÂ£57.74
The Power Greens Cookbook: 140 Delicious Superfood Recipes,ÃÂ£11.05
The Metamorphosis,ÃÂ£28.58
The Mathews Men: Seven Brothers and the War Against Hitler's U-boats,ÃÂ£42.91
The Little Paris Bookshop,ÃÂ£24.73
The Hiding Place,ÃÂ£55.91
The Grand Design,ÃÂ£13.76
The Firm,ÃÂ£45.56
The Fault in Our Stars,ÃÂ£47.22
The False Prince (The Ascendance Trilogy #1),ÃÂ£56.00
The Expatriates,ÃÂ£44.58
The Dream Thieves (The Raven Cycle #2),ÃÂ£34.50
The Darkest Corners,ÃÂ£11.33
The Crossover,ÃÂ£38.77
The 5th Wave (The 5th Wave #1),ÃÂ£11.83
Tell the Wind and Fire,ÃÂ£45.51
Tell Me Three Things,ÃÂ£41.81
Talking to Girls About Duran Duran: One Young Man's Quest for True Love and a Cooler Haircut,ÃÂ£25.15
Siddhartha,ÃÂ£34.22
Shiver (The Wolves of Mercy Falls #1),ÃÂ£16.23
Remember Me?,ÃÂ£11.48
Red Dragon (Hannibal Lecter #1),ÃÂ£23.37
Peak: Secrets from the New Science of Expertise,ÃÂ£16.28
My Mother Was Nuts,ÃÂ£31.63
Mexican Today: New and Rediscovered Recipes for Contemporary Kitchens,ÃÂ£24.91
Maybe Something Beautiful: How Art Transformed a Neighborhood,ÃÂ£22.54
Lola and the Boy Next Door (Anna and the French Kiss #2),ÃÂ£23.63
Logan Kade (Fallen Crest High #5.5),ÃÂ£13.12
Last One Home (New Beginnings #1),ÃÂ£59.98
Killing Floor (Jack Reacher #1),ÃÂ£31.49
Kill the Boy Band,ÃÂ£15.52
Isla and the Happily Ever After (Anna and the French Kiss #3),ÃÂ£48.13
If I Stay (If I Stay #1),ÃÂ£38.13
I Know Why the Caged Bird Sings (Maya Angelou's Autobiography #1),ÃÂ£36.55
Harry Potter and the Deathly Hallows (Harry Potter #7),ÃÂ£23.32
"Fruits Basket, Vol. 5 (Fruits Basket #5)",ÃÂ£16.33
Foundation (Foundation (Publication Order) #1),ÃÂ£32.42
Fool Me Once,ÃÂ£16.96
Find Her (Detective D.D. Warren #8),ÃÂ£22.37
Evicted: Poverty and Profit in the American City,ÃÂ£42.27
Drama,ÃÂ£38.70
Dracula the Un-Dead,ÃÂ£35.63
Digital Fortress,ÃÂ£58.00
"Death Note, Vol. 5: Whiteout (Death Note #5)",ÃÂ£52.41
"Data, A Love Story: How I Gamed Online Dating to Meet My Match",ÃÂ£32.35
Critique of Pure Reason,ÃÂ£20.75
Booked,ÃÂ£17.49
"Blue Lily, Lily Blue (The Raven Cycle #3)",ÃÂ£34.13
Approval Junkie: Adventures in Caring Too Much,ÃÂ£58.81
An Abundance of Katherines,ÃÂ£10.00
America's War for the Greater Middle East: A Military History,ÃÂ£51.22
Alight (The Generations Trilogy #2),ÃÂ£58.59
A Girl's Guide to Moving On (New Beginnings #2),ÃÂ£31.30
A Game of Thrones (A Song of Ice and Fire #1),ÃÂ£46.42
A Feast for Crows (A Song of Ice and Fire #4),ÃÂ£17.21
A Clash of Kings (A Song of Ice and Fire #2),ÃÂ£10.79
Vogue Colors A to Z: A Fashion Coloring Book,ÃÂ£52.35
The Shining (The Shining #1),ÃÂ£27.88
The Pilgrim's Progress,ÃÂ£50.26
The Perfect Play (Play by Play #1),ÃÂ£59.99
The Passion of Dolssa,ÃÂ£28.32
The Jazz of Physics: The Secret Link Between Music and the Structure of the Universe,ÃÂ£38.71
The Hunger Games (The Hunger Games #1),ÃÂ£29.85
The Hound of the Baskervilles (Sherlock Holmes #5),ÃÂ£14.82
The Gunning of America: Business and the Making of American Gun Culture,ÃÂ£16.81
The Geography of Bliss: One Grump's Search for the Happiest Places in the World,ÃÂ£28.23
The Demonists (Demonist #1),ÃÂ£52.11
"The Demon Prince of Momochi House, Vol. 4 (The Demon Prince of Momochi House #4)",ÃÂ£27.88
The Bone Hunters (Lexy Vaughan & Steven Macaulay #2),ÃÂ£59.71
The Beast (Black Dagger Brotherhood #14),ÃÂ£46.08
Some Women,ÃÂ£13.73
Shopaholic Ties the Knot (Shopaholic #3),ÃÂ£48.39
Paper and Fire (The Great Library #2),ÃÂ£49.45
Outlander (Outlander #1),ÃÂ£19.67
"Orchestra of Exiles: The Story of Bronislaw Huberman, the Israel Philharmonic, and the One Thousand Jews He Saved from Nazi Horrors",ÃÂ£12.36
No One Here Gets Out Alive,ÃÂ£20.02
Night Shift (Night Shift #1-20),ÃÂ£12.75
Needful Things,ÃÂ£47.51
Mockingjay (The Hunger Games #3),ÃÂ£20.44
Misery,ÃÂ£34.79
Little Women (Little Women #1),ÃÂ£28.07
It,ÃÂ£25.01
Harry Potter and the Sorcerer's Stone (Harry Potter #1),ÃÂ£13.90
Harry Potter and the Prisoner of Azkaban (Harry Potter #3),ÃÂ£24.17
Harry Potter and the Order of the Phoenix (Harry Potter #5),ÃÂ£31.63
Harry Potter and the Half-Blood Prince (Harry Potter #6),ÃÂ£48.75
Harry Potter and the Chamber of Secrets (Harry Potter #2),ÃÂ£14.74
Gone with the Wind,ÃÂ£32.49
God Is Not Great: How Religion Poisons Everything,ÃÂ£27.80
Girl With a Pearl Earring,ÃÂ£26.77
"Fruits Basket, Vol. 4 (Fruits Basket #4)",ÃÂ£50.44
Far From True (Promise Falls Trilogy #2),ÃÂ£34.93
Dark Lover (Black Dagger Brotherhood #1),ÃÂ£12.87
Confessions of a Shopaholic (Shopaholic #1),ÃÂ£48.94
Changing the Game (Play by Play #2),ÃÂ£13.38
Candide,ÃÂ£58.63
Can You Keep a Secret?,ÃÂ£21.94
Atlas Shrugged,ÃÂ£26.58
Animal Farm,ÃÂ£57.22
A Walk to Remember,ÃÂ£56.43
A New Earth: Awakening to Your Life's Purpose,ÃÂ£55.65
"A History of God: The 4,000-Year Quest of Judaism, Christianity, and Islam",ÃÂ£27.62
Salem's Lot,ÃÂ£49.56
Zero History (Blue Ant #3),ÃÂ£34.77
Wuthering Heights,ÃÂ£17.73
World War Z: An Oral History of the Zombie War,ÃÂ£21.80
Wild: From Lost to Found on the Pacific Crest Trail,ÃÂ£46.02
"Where'd You Go, Bernadette",ÃÂ£18.13
When You Are Engulfed in Flames,ÃÂ£30.89
We the People: The Modern-Day Figures Who Have Reshaped and Affirmed the Founding Fathers' Vision of America,ÃÂ£31.95
We Are All Completely Beside Ourselves,ÃÂ£24.04
Walk the Edge (Thunder Road #2),ÃÂ£32.36
Voyager (Outlander #3),ÃÂ£21.07
Very Good Lives: The Fringe Benefits of Failure and the Importance of Imagination,ÃÂ£50.66
Vegan Vegetarian Omnivore: Dinner for Everyone at the Table,ÃÂ£13.66
"Unstuffed: Decluttering Your Home, Mind, and Soul",ÃÂ£58.09
Under the Banner of Heaven: A Story of Violent Faith,ÃÂ£30.00
Two Boys Kissing,ÃÂ£32.74
Twilight (Twilight #1),ÃÂ£41.93
Twenties Girl,ÃÂ£42.80
"Trespassing Across America: One Man's Epic, Never-Done-Before (and Sort of Illegal) Hike Across the Heartland",ÃÂ£53.51
Three-Martini Lunch,ÃÂ£23.21
"Thinking, Fast and Slow",ÃÂ£21.14
The Wild Robot,ÃÂ£56.07
"The Wicked + The Divine, Vol. 3: Commercial Suicide (The Wicked + The Divine)",ÃÂ£14.41
The Undomestic Goddess,ÃÂ£45.75
The Travelers,ÃÂ£15.77
The Tipping Point: How Little Things Can Make a Big Difference,ÃÂ£10.02
The Thing About Jellyfish,ÃÂ£48.77
The Stand,ÃÂ£57.86
The Smitten Kitchen Cookbook,ÃÂ£23.59
The Silkworm (Cormoran Strike #2),ÃÂ£23.05
"The Sandman, Vol. 3: Dream Country (The Sandman (volumes) #3)",ÃÂ£55.55
The Rose & the Dagger (The Wrath and the Dawn #2),ÃÂ£58.64
The Road to Little Dribbling: Adventures of an American in Britain (Notes From a Small Island #2),ÃÂ£23.21
The Rise of Theodore Roosevelt (Theodore Roosevelt #1),ÃÂ£42.57
The Restaurant at the End of the Universe (Hitchhiker's Guide to the Galaxy #2),ÃÂ£10.92
The Rest Is Noise: Listening to the Twentieth Century,ÃÂ£34.77
The Red Tent,ÃÂ£35.66
The Purpose Driven Life: What on Earth Am I Here for?,ÃÂ£37.19
The Purest Hook (Second Circle Tattoos #3),ÃÂ£12.25
The Picture of Dorian Gray,ÃÂ£29.70
The Paris Wife,ÃÂ£36.80
The Obsession,ÃÂ£45.43
The Nightingale,ÃÂ£26.26
The New Guy (and Other Senior Year Distractions),ÃÂ£44.92
The Nanny Diaries (Nanny #1),ÃÂ£52.53
The Name of God is Mercy,ÃÂ£37.25
The Maze Runner (The Maze Runner #1),ÃÂ£20.93
The Lover's Dictionary,ÃÂ£58.09
The Lonely Ones,ÃÂ£43.59
The Lean Startup: How Today's Entrepreneurs Use Continuous Innovation to Create Radically Successful Businesses,ÃÂ£33.92
The Last Painting of Sara de Vos,ÃÂ£55.55
"The Land of 10,000 Madonnas",ÃÂ£29.64
The Infinities,ÃÂ£27.41
The Husband's Secret,ÃÂ£52.51
The Hitchhiker's Guide to the Galaxy (Hitchhiker's Guide to the Galaxy #1),ÃÂ£47.80
The Guns of August,ÃÂ£14.54
The Guernsey Literary and Potato Peel Pie Society,ÃÂ£49.53
The Goldfinch,ÃÂ£43.58
The Giver (The Giver Quartet #1),ÃÂ£12.30
The Girl with All the Gifts,ÃÂ£49.47
The Girl Who Played with Fire (Millennium Trilogy #2),ÃÂ£22.14
The Girl Who Kicked the Hornet's Nest (Millennium Trilogy #3),ÃÂ£57.48
The Exiled,ÃÂ£43.45
"The End of Faith: Religion, Terror, and the Future of Reason",ÃÂ£22.13
"The Elegant Universe: Superstrings, Hidden Dimensions, and the Quest for the Ultimate Theory",ÃÂ£13.03
"The Disappearing Spoon: And Other True Tales of Madness, Love, and the History of the World from the Periodic Table of the Elements",ÃÂ£57.35
The Devil Wears Prada (The Devil Wears Prada #1),ÃÂ£44.29
The Demon-Haunted World: Science as a Candle in the Dark,ÃÂ£52.25
The Day the Crayons Came Home (Crayons),ÃÂ£26.33
The Da Vinci Code (Robert Langdon #2),ÃÂ£22.96
The Cuckoo's Calling (Cormoran Strike #1),ÃÂ£19.21
The Complete Stories and Poems (The Works of Edgar Allan Poe [Cameo Edition]),ÃÂ£26.78
The Complete Poems,ÃÂ£41.32
The Catcher in the Rye,ÃÂ£24.55
The Cat in the Hat (Beginner Books B-1),ÃÂ£16.26
The Case for Christ (Cases for Christianity),ÃÂ£47.84
The Book Thief,ÃÂ£53.49
The Book of Basketball: The NBA According to The Sports Guy,ÃÂ£44.84
The Blind Side: Evolution of a Game,ÃÂ£53.71
The Autobiography of Malcolm X,ÃÂ£23.43
"The Art of Simple Food: Notes, Lessons, and Recipes from a Delicious Revolution",ÃÂ£34.32
The Art of Fielding,ÃÂ£22.10
"Surely You're Joking, Mr. Feynman!: Adventures of a Curious Character",ÃÂ£25.83
Stiff: The Curious Lives of Human Cadavers,ÃÂ£36.74
Spilled Milk: Based on a True Story,ÃÂ£49.51
Something Borrowed (Darcy & Rachel #1),ÃÂ£48.96
Something Blue (Darcy & Rachel #2),ÃÂ£54.62
Soldier (Talon #3),ÃÂ£24.72
Shopaholic & Baby (Shopaholic #5),ÃÂ£46.45
Seven Days in the Art World,ÃÂ£52.33
Seven Brief Lessons on Physics,ÃÂ£30.60
Scarlet (The Lunar Chronicles #2),ÃÂ£14.57
Sarah's Key,ÃÂ£46.29
"Saga, Volume 3 (Saga (Collected Editions) #3)",ÃÂ£21.57
Running with Scissors,ÃÂ£12.91
Rogue Lawyer (Rogue Lawyer #1),ÃÂ£50.11
"Rise of the Rocket Girls: The Women Who Propelled Us, from Missiles to the Moon to Mars",ÃÂ£41.67
Rework,ÃÂ£44.88
Reservations for Two,ÃÂ£11.10
Red: The True Story of Red Riding Hood,ÃÂ£28.54
Ready Player One,ÃÂ£19.07
Quiet: The Power of Introverts in a World That Can't Stop Talking,ÃÂ£43.55
Prodigy: The Graphic Novel (Legend: The Graphic Novel #2),ÃÂ£43.63
Persepolis: The Story of a Childhood (Persepolis #1-2),ÃÂ£39.13
Packing for Mars: The Curious Science of Life in the Void,ÃÂ£56.68
Outliers: The Story of Success,ÃÂ£14.16
Original Fake,ÃÂ£31.45
Orange Is the New Black,ÃÂ£24.61
One for the Money (Stephanie Plum #1),ÃÂ£32.87
Notes from a Small Island (Notes From a Small Island #1),ÃÂ£40.17
Night (The Night Trilogy #1),ÃÂ£13.51
Neither Here nor There: Travels in Europe,ÃÂ£38.95
Naked,ÃÂ£31.69
Morning Star (Red Rising #3),ÃÂ£29.40
"Miracles from Heaven: A Little Girl, Her Journey to Heaven, and Her Amazing Story of Healing",ÃÂ£57.83
Midnight Riot (Peter Grant/ Rivers of London - books #1),ÃÂ£55.46
Me Talk Pretty One Day,ÃÂ£57.60
Manuscript Found in Accra,ÃÂ£34.98
Lust & Wonder,ÃÂ£11.87
Lila (Gilead #3),ÃÂ£12.47
"Life, the Universe and Everything (Hitchhiker's Guide to the Galaxy #3)",ÃÂ£33.26
Life Without a Recipe,ÃÂ£59.04
Life After Life,ÃÂ£26.13
Letter to a Christian Nation,ÃÂ£22.20
Let's Pretend This Never Happened: A Mostly True Memoir,ÃÂ£45.11
Legend (Legend #1),ÃÂ£43.69
"Lean In: Women, Work, and the Will to Lead",ÃÂ£25.02
"Lamb: The Gospel According to Biff, Christ's Childhood Pal",ÃÂ£55.50
Lady Renegades (Rebel Belle #3),ÃÂ£53.04
Jurassic Park (Jurassic Park #1),ÃÂ£44.97
It's Never Too Late to Begin Again: Discovering Creativity and Meaning at Midlife and Beyond,ÃÂ£42.38
Is Everyone Hanging Out Without Me? (And Other Concerns),ÃÂ£20.11
Into the Wild,ÃÂ£56.70
Inferno (Robert Langdon #4),ÃÂ£41.00
"In the Garden of Beasts: Love, Terror, and an American Family in Hitler's Berlin",ÃÂ£28.85
If I Run (If I Run #1),ÃÂ£49.97
I've Got Your Number,ÃÂ£19.69
I Am Malala: The Girl Who Stood Up for Education and Was Shot by the Taliban,ÃÂ£28.88
Hungry Girl Clean & Hungry: Easy All-Natural Recipes for Healthy Eating in the Real World,ÃÂ£33.14
"House of Lost Worlds: Dinosaurs, Dynasties, and the Story of Life on Earth",ÃÂ£43.70
House of Leaves,ÃÂ£54.89
Horrible Bear!,ÃÂ£37.52
Holidays on Ice,ÃÂ£51.07
Heir to the Sky,ÃÂ£44.07
Green Eggs and Ham (Beginner Books B-16),ÃÂ£10.79
"Grayson, Vol 3: Nemesis (Grayson #3)",ÃÂ£42.72
Gratitude,ÃÂ£26.66
Gone Girl,ÃÂ£37.60
Golden (Heart of Dread #3),ÃÂ£42.21
Girl in the Blue Coat,ÃÂ£46.83
"Fruits Basket, Vol. 3 (Fruits Basket #3)",ÃÂ£45.17
"Friday Night Lights: A Town, a Team, and a Dream",ÃÂ£51.22
Fire Bound (Sea Haven/Sisters of the Heart #5),ÃÂ£21.28
Fifty Shades Freed (Fifty Shades #3),ÃÂ£15.36
Fellside,ÃÂ£38.62
Extreme Prey (Lucas Davenport #26),ÃÂ£25.40
Eragon (The Inheritance Cycle #1),ÃÂ£43.87
Eclipse (Twilight #3),ÃÂ£18.74
Dune (Dune #1),ÃÂ£54.86
Dracula,ÃÂ£52.62
Do Androids Dream of Electric Sheep? (Blade Runner #1),ÃÂ£51.48
Disrupted: My Misadventure in the Start-Up Bubble,ÃÂ£15.28
Dead Wake: The Last Crossing of the Lusitania,ÃÂ£39.24
"David and Goliath: Underdogs, Misfits, and the Art of Battling Giants",ÃÂ£17.81
Darkfever (Fever #1),ÃÂ£56.02
Dark Places,ÃÂ£23.90
Crazy Rich Asians (Crazy Rich Asians #1),ÃÂ£49.13
Counting Thyme,ÃÂ£10.62
Cosmos,ÃÂ£36.17
Civilization and Its Discontents,ÃÂ£59.95
Cinder (The Lunar Chronicles #1),ÃÂ£26.09
Catastrophic Happiness: Finding Joy in Childhood's Messy Years,ÃÂ£37.35
Career of Evil (Cormoran Strike #3),ÃÂ£24.72
Breaking Dawn (Twilight #4),ÃÂ£35.28
Brave Enough,ÃÂ£51.32
Boy Meets Boy,ÃÂ£21.12
"Born to Run: A Hidden Tribe, Superathletes, and the Greatest Race the World Has Never Seen",ÃÂ£27.35
Blink: The Power of Thinking Without Thinking,ÃÂ£21.74
Black Flags: The Rise of ISIS,ÃÂ£40.87
"Black Butler, Vol. 1 (Black Butler #1)",ÃÂ£49.31
Big Little Lies,ÃÂ£22.11
Between Shades of Gray,ÃÂ£20.79
Best of My Love (Fool's Gold #20),ÃÂ£27.41
Beowulf,ÃÂ£38.35
Beautiful Creatures (Caster Chronicles #1),ÃÂ£21.55
Awkward,ÃÂ£38.02
Ash,ÃÂ£22.06
Are We There Yet?,ÃÂ£10.66
Are We Smart Enough to Know How Smart Animals Are?,ÃÂ£56.58
Annie on My Mind,ÃÂ£36.83
And Then There Were None,ÃÂ£35.01
A Walk in the Woods: Rediscovering America on the Appalachian Trail,ÃÂ£30.48
A Visit from the Goon Squad,ÃÂ£14.08
A Storm of Swords (A Song of Ice and Fire #3),ÃÂ£31.22
A Heartbreaking Work of Staggering Genius,ÃÂ£54.29
8 Keys to Mental Health Through Exercise,ÃÂ£31.04
#GIRLBOSS,ÃÂ£50.96
"The Suffragettes (Little Black Classics, #96)",ÃÂ£11.89
The Sense of an Ending,ÃÂ£31.38
"The Sandman, Vol. 2: The Doll's House (The Sandman (volumes) #2)",ÃÂ£54.81
The Course of Love,ÃÂ£16.78
Sugar Rush (Offensive Line #2),ÃÂ£24.42
"Saga, Volume 2 (Saga (Collected Editions) #2)",ÃÂ£11.75
"Run, Spot, Run: The Ethics of Keeping Pets",ÃÂ£20.02
New Moon (Twilight #2),ÃÂ£12.86
Life,ÃÂ£31.58
Kindle Paperwhite User's Guide,ÃÂ£34.00
H is for Hawk,ÃÂ£57.42
Girl Online On Tour (Girl Online #2),ÃÂ£53.47
"Fruits Basket, Vol. 2 (Fruits Basket #2)",ÃÂ£11.64
Diary of a Minecraft Zombie Book 1: A Scare of a Dare (An Unofficial Minecraft Book),ÃÂ£52.88
"Y: The Last Man, Vol. 1: Unmanned (Y: The Last Man #1)",ÃÂ£18.51
While You Were Mine,ÃÂ£41.32
Where Lightning Strikes (Bleeding Stars #3),ÃÂ£39.77
When I'm Gone,ÃÂ£51.96
Ways of Seeing,ÃÂ£39.51
"Vampire Knight, Vol. 1 (Vampire Knight #1)",ÃÂ£15.40
Vampire Girl (Vampire Girl #1),ÃÂ£53.82
Twenty Love Poems and a Song of Despair,ÃÂ£30.95
Travels with Charley: In Search of America,ÃÂ£57.82
Three Wishes (River of Time: California #1),ÃÂ£44.18
This One Moment (Pushing Limits #1),ÃÂ£48.71
The Zombie Room,ÃÂ£19.69
"The Wicked + The Divine, Vol. 1: The Faust Act (The Wicked + The Divine)",ÃÂ£36.52
The Tumor,ÃÂ£41.56
The Story of Hong Gildong,ÃÂ£43.19
The Silent Wife,ÃÂ£12.34
The Silent Twin (Detective Jennifer Knight #3),ÃÂ£36.25
The Selfish Gene,ÃÂ£29.45
The Secret Healer,ÃÂ£34.56
"The Sandman, Vol. 1: Preludes and Nocturnes (The Sandman (volumes) #1)",ÃÂ£54.12
The Republic,ÃÂ£33.78
The Odyssey,ÃÂ£29.64
The No. 1 Ladies' Detective Agency (No. 1 Ladies' Detective Agency #1),ÃÂ£57.70
The Nicomachean Ethics,ÃÂ£36.34
The Name of the Wind (The Kingkiller Chronicle #1),ÃÂ£50.59
The Mirror & the Maze (The Wrath and the Dawn #1.5),ÃÂ£29.38
The Little Prince,ÃÂ£45.42
The Light of the Fireflies,ÃÂ£54.43
The Last Girl (The Dominion Trilogy #1),ÃÂ£36.26
The Iliad,ÃÂ£16.16
The Hook Up (Game On #1),ÃÂ£36.29
The Haters,ÃÂ£27.89
The Girl You Lost,ÃÂ£12.29
The Girl In The Ice (DCI Erika Foster #1),ÃÂ£15.85
The End of the Jesus Era (An Investigation #1),ÃÂ£14.40
The Edge of Reason (Bridget Jones #2),ÃÂ£19.18
The Complete Maus (Maus #1-2),ÃÂ£10.64
The Communist Manifesto,ÃÂ£14.76
The Bhagavad Gita,ÃÂ£57.49
The Bette Davis Club,ÃÂ£30.66
The Art of Not Breathing,ÃÂ£40.83
Taking Shots (Assassins #1),ÃÂ£18.88
Starlark,ÃÂ£25.83
"Skip Beat!, Vol. 01 (Skip Beat! #1)",ÃÂ£42.12
Sister Sable (The Mad Queen #1),ÃÂ£13.33
Shatter Me (Shatter Me #1),ÃÂ£42.40
Shameless,ÃÂ£58.35
Shadow Rites (Jane Yellowrock #10),ÃÂ£21.72
Settling the Score (The Summer Games #1),ÃÂ£44.91
Sense and Sensibility,ÃÂ£37.46
"Saga, Volume 1 (Saga (Collected Editions) #1)",ÃÂ£28.48
"Rhythm, Chord & Malykhin",ÃÂ£28.34
"Rat Queens, Vol. 1: Sass & Sorcery (Rat Queens (Collected Editions) #1-5)",ÃÂ£46.96
Paradise Lost (Paradise #1),ÃÂ£24.96
"Paper Girls, Vol. 1 (Paper Girls #1-5)",ÃÂ£21.71
"Ouran High School Host Club, Vol. 1 (Ouran High School Host Club #1)",ÃÂ£29.87
Origins (Alphas 0.5),ÃÂ£28.99
One Second (Seven #7),ÃÂ£52.94
On the Road (Duluoz Legend),ÃÂ£32.36
Old Records Never Die: One Man's Quest for His Vinyl and His Past,ÃÂ£55.66
Off Sides (Off #1),ÃÂ£39.45
Of Mice and Men,ÃÂ£47.11
Myriad (Prentor #1),ÃÂ£58.75
My Perfect Mistake (Over the Top #1),ÃÂ£38.92
"Ms. Marvel, Vol. 1: No Normal (Ms. Marvel (2014-2015) #1)",ÃÂ£39.39
Meditations,ÃÂ£25.89
Matilda,ÃÂ£28.34
Lost Among the Living,ÃÂ£27.70
Lord of the Flies,ÃÂ£24.89
Listen to Me (Fusion #1),ÃÂ£58.99
Kitchens of the Great Midwest,ÃÂ£57.20
Jane Eyre,ÃÂ£38.43
Imperfect Harmony,ÃÂ£34.74
Icing (Aces Hockey #2),ÃÂ£40.44
"Hawkeye, Vol. 1: My Life as a Weapon (Hawkeye #1)",ÃÂ£45.24
Having the Barbarian's Baby (Ice Planet Barbarians #7.5),ÃÂ£34.96
"Giant Days, Vol. 1 (Giant Days #1-4)",ÃÂ£56.76
"Fruits Basket, Vol. 1 (Fruits Basket #1)",ÃÂ£40.28
Frankenstein,ÃÂ£38.00
Forever Rockers (The Rocker #12),ÃÂ£28.80
Fighting Fate (Fighting #6),ÃÂ£39.24
Emma,ÃÂ£32.93
"Eat, Pray, Love",ÃÂ£51.32
Deep Under (Walker Security #1),ÃÂ£47.09
Choosing Our Religion: The Spiritual Lives of America's Nones,ÃÂ£28.42
Charlie and the Chocolate Factory (Charlie Bucket #1),ÃÂ£22.85
Charity's Cross (Charles Towne Belles #4),ÃÂ£41.24
Bright Lines,ÃÂ£39.07
Bridget Jones's Diary (Bridget Jones #1),ÃÂ£29.82
Bounty (Colorado Mountain #7),ÃÂ£37.26
Blood Defense (Samantha Brinkman #1),ÃÂ£20.30
"Bleach, Vol. 1: Strawberry and the Soul Reapers (Bleach #1)",ÃÂ£34.65
Beyond Good and Evil,ÃÂ£43.38
Alice in Wonderland (Alice's Adventures in Wonderland #1),ÃÂ£55.53
"Ajin: Demi-Human, Volume 1 (Ajin: Demi-Human #1)",ÃÂ£57.06
A Spy's Devotion (The Regency Spies of London #1),ÃÂ£16.97
1st to Die (Women's Murder Club #1),ÃÂ£53.98
"1,000 Places to See Before You Die",ÃÂ£26.08